Query,Result Number,Title,Link,Snippet
construction software,1,Procore Construction Management Software,https://www.procore.com/en-gb,"Manage your construction projects from preconstruction to closeout with the insights you need to maximise safety, efficiency, and return."
construction software,2,Construction Management Software UK,https://www.theaccessgroup.com/en-gb/construction/,Access Construction delivers AI-powered tools designed specifically for UK construction firms. Our award-winning construction management software powers UK ...
construction software,3,4PS Construct: Construction Management Software,https://www.4ps.co.uk/,"Award winning Construction Management Software, specifically designed to give you complete control over planning, project costs and margins."
construction software,4,RedSky Software: Construction Software,https://www.redskyit.com/,"RedSky is a leading provider of construction management software to the UK, IR & MENA. Discover how we can help you deliver effective construction projects."
construction software,5,Construction Manager - Job Costing and Maintenance ...,https://www.construction-manager-software.co.uk/,Our construction accounting software is designed for small and medium sizes companies. Get started today with Construction Manager from only £55* a month.
construction software,6,33 Best Construction Project Management Software For 2025,https://thedigitalprojectmanager.com/tools/best-construction-project-management-software/,"Procore, Buildertrend, and Autodesk Construction Cloud are among the most widely used platforms by construction project managers. These tools are popular for ..."
construction software,7,Construction Management Software,https://www.oracle.com/uk/construction-engineering/construction-management-software/,"Get data-driven insights. Connect your teams, processes, and data to improve productivity and control with Oracle's cloud construction management software."
construction software,8,EasyBOP | Cloud-based construction management software,https://www.easybop.co.uk/,"EasyBOP is a powerful digital construction toolkit. Built around scalable modules, the software can be used to manage individual contracts, or an entire ..."
construction software,9,Accounting Software for Construction and Trades,https://www.xero.com/uk/small-businesses/construction/,"Nail financial admin with Xero accounting software for builders. Send online invoices, track job costs and profits, and pay suppliers – all on the go."
construction management software,1,33 Best Construction Project Management Software For 2025,https://thedigitalprojectmanager.com/tools/best-construction-project-management-software/,"Procore, Buildertrend, and Autodesk Construction Cloud are among the most widely used platforms by construction project managers. These tools are popular for ..."
construction management software,2,Procore Construction Management Software,https://www.procore.com/en-gb,"Manage your construction projects from preconstruction to closeout with the insights you need to maximise safety, efficiency, and return."
construction management software,3,Construction Management Software,https://www.oracle.com/uk/construction-engineering/construction-management-software/,"Get data-driven insights. Connect your teams, processes, and data to improve productivity and control with Oracle's cloud construction management software."
construction management software,4,Archdesk Construction Management Software | Archdesk,https://archdesk.com/,"Archdesk is an all-in-one platform for construction project management, handling bidding, scheduling, documents, and tracking progress, from start to finish."
construction management software,5,13 Best Free Construction Project Management Software ...,https://thedigitalprojectmanager.com/tools/best-free-construction-project-management-software/,"Find the best free construction project management software for your team. Compare features, pros + cons, and more in my complete guide."
construction management software,6,UK Project Management Software | Try Free! | Tradify™,https://www.tradifyhq.com/uk/trades/building-construction-trade-contractors-app,"Tradify is a project management app for construction, managing jobs, handling quotes, invoices, and digital timesheets, with free training and support."
construction management software,7,EasyBOP | Cloud-based construction management software,https://www.easybop.co.uk/,"EasyBOP is a cloud-based, all-in-one construction management software used to manage contracts, business processes, and control site operations."
construction management software,8,Construction Management Software UK,https://www.theaccessgroup.com/en-gb/construction/,Access Construction delivers AI-powered tools designed specifically for UK construction firms. Our award-winning construction management software powers UK ...
construction management software,9,All-in-One Construction Management Software,https://www.fieldwire.com/uk/construction-management-software/,"Our mobile and web-based construction software keeps your team on-site connected for all core use cases: plan viewing, snag list, scheduling, and reporting."
construction project management software,1,33 Best Construction Project Management Software For 2025,https://thedigitalprojectmanager.com/tools/best-construction-project-management-software/,"Procore, Buildertrend, and Autodesk Construction Cloud are among the most widely used platforms by construction project managers. These tools are popular for ..."
construction project management software,2,Construction Project Management Software | Procore UK,https://www.procore.com/en-gb/project-management,"Maximise efficiency with Procore's construction management software. Keep construction moving with fewer risks, better teamwork, and greater project ..."
construction project management software,3,Construction Management Software,https://www.oracle.com/uk/construction-engineering/construction-management-software/,"Get data-driven insights. Connect your teams, processes, and data to improve productivity and control with Oracle's cloud construction management software."
construction project management software,4,Construction management software recommendations,https://www.reddit.com/r/ConstructionManagers/comments/1aocj9c/construction_management_software_recommendations/,Procore is the best hands down. A cheaper alternative I've used is Cloud PM.
construction project management software,5,10 Best Free Construction Project Management Software ...,https://www.websiteplanet.com/blog/best-free-construction-project-management-software/,"7 Aug 2025 — We've tested the best free construction project management software on the market. See our top picks to improve task scheduling, ..."
construction project management software,6,My Take on 7 Construction Project Management Software,https://learn.g2.com/best-construction-project-management-software,3 Sept 2025 — The best construction project management platforms are Procore and Autodesk Construction Cloud. Procore stands out as an all-in-one solution ...
construction project management software,7,Construction Project Management Software,https://construction.autodesk.co.uk/workflows/construction-project-management/,"Construction project management software tracks and improves cost, quality, schedule and safety initiatives, managed together from design to turnover. It ..."
construction project management software,8,Construction Management Software UK,https://www.theaccessgroup.com/en-gb/construction/,"Project management software. Find what you need in seconds. Plan, track, and deliver complex builds with AI-powered tools designed for UK construction workflows ..."
construction project management software,9,Archdesk Construction Management Software | Archdesk,https://archdesk.com/,"All-in-one construction project management software. Estimation, Procurement, Document Management, Cost Controlling and Construction Scheduling."
construction project management software,10,All-in-One Construction Management Software,https://www.fieldwire.com/uk/construction-management-software/,"Align office and field teams - track and schedule tasks & manpower, get real-time updates, and improve productivity with Fieldwire's construction software."
construction estimating software,1,Price A Job: Easy to Use Construction Estimating Software,https://www.priceajob.co.uk/,Construction estimating software for UK. Accurate estimate. 15 minutes. Today's prices. All the UK's construction tech in 3D. Makes your project management ...
construction estimating software,2,Construction Estimating Software | Build BoQs 70% faster!,https://www.theaccessgroup.com/en-gb/construction/software/estimating/,"End-to-end Construction estimating software for UK construction, including takeoff, tendering, quote comparisons & valuations in one powerful system."
construction estimating software,3,10 Best Construction Estimating Software Of 2025,https://www.forbes.com/advisor/business/software/best-construction-estimating-software/,28 Aug 2025 — 10 Best Construction Estimating Software Of 2025 · Estimator360 · Procore · Buildertrend · Buildern · Buildxact · Estimating Edge · Archdesk ...
construction estimating software,4,Construction Estimating Software | Procore UK,https://www.procore.com/en-gb/estimating,Improve your tender-to-hit ratio with our estimating software. Quickly build accurate construction cost estimates and win more projects in less time.
construction estimating software,5,Best Free Construction Estimating Software UK,https://costestimator.co.uk/the-best-free-construction-estimating-software-in-the-uk/?srsltid=AfmBOoqUr2DpRjSr3auQmuujawTjMhcR9-QOvv2boaK3Wkm240vEgCAV,"Compare the best free UK estimating tools. See real free-tier limits, who they suit, and when to upgrade to paid construction estimating software."
construction estimating software,6,esti-mate: Easy To Use Construction Estimating Software,https://estimate.co.uk/,Try our user-friendly estimating software on a 20-day free trial – built for UK builders & contractors. Simplify your quoting process and win more jobs with ...
construction estimating software,7,Construction Estimating Software | Eque2-Estimating,https://www.eque2-estimating.co.uk/,EValuate from Eque2 is the fastest growing construction estimating software in the UK and Ireland; the software is available as a cloud-based or on-premise ...
construction estimating software,8,Construction Estimating Software,https://www.buildxact.com/uk/features/construction-estimating-software/,A complete set of software tools uniquely designed for residential builders and contractors. Do digital takeoffs and build accurate estimates using material ...
construction estimating software,9,Estimating Software | Take-off Software | Builders ...,https://hbxl.co.uk/,"UK's best-rated estimating software and support. Cost-effective. Saves time. Estimate and take-off extensions, renovations, new builds and more. Try free."
construction estimating software,10,7 Tools In Our Free Construction Estimating Software,https://builderexpert.uk/free-construction-estimating-software/,"BuilderExpert's free construction estimating software helps you work faster, present better, and quote smarter—right from your browser, no installation required ..."
construction document management software,1,Construction Drawing & Document Management Software,https://www.bluebeam.com/uk/workflows/drawing-and-document-management/,"Bluebeam keeps teams in sync with smart tools to efficiently manage, organise and share their drawings, documents and data from anywhere."
construction document management software,2,Viewpoint For Projects,https://www.viewpoint.com/en-gb/products/viewpoint-for-projects,"Viewpoint For Projects is a construction document management system that simplifies project documentation. Share, control and collaborate on construction ..."
construction document management software,3,Construction Document Management Software | Autodesk Docs,https://construction.autodesk.co.uk/products/autodesk-docs/,A centralised document management solution that acts as a single source of truth across the project lifecycle for all project teams.
construction document management software,4,Construction Document Management Software | 4PS,https://www.4ps.co.uk/solutions/construction-document-management-software/,Construction document management software is a centralised platform that lets construction companies maintain 100% control over their documentation. Everything ...
construction document management software,5,Aconex Construction Project Management Software,https://www.oracle.com/uk/construction-engineering/aconex/,Highly configurable process and document management; Advanced communication and forms; Simplify model coordination; Bid and tender management; Supplier ...
construction document management software,6,Asite Construction Document Management,https://www.asite.com/document-management_1,"Store, track and manage all your construction documents and drawings on a single centralized platform. Make collaboration, reviews, and approvals simple."
construction document management software,7,Construction Document Management Software,https://www.collabor8online.co.uk/construction-document-management/,"Collabor8online is the perfect construction document management solution, enabling quick, easy management and secure sharing of construction documentation."
construction document management software,8,Construction document management software | Procore UK,https://www.procore.com/en-gb/platform/document-management,Use a powerful construction document management tool with automatic revision control for sophisticated management and archiving of your projects.
construction document management software,9,Archdesk Construction Management Software | Archdesk,https://archdesk.com/,"All-in-one construction project management software. Estimation, Procurement, Document Management, Cost Controlling and Construction Scheduling."
construction bidding software,1,8 Best Construction Bidding Software (2025),https://archdesk.com/blog/best-construction-bidding-software,29 Jan 2025 — Best construction bidding software and tools in 2023 · 1. Archdesk · 2. Stack · 3. Clear Estimates · 4. Procore · 5. inEight · 6. BuilderTrend ...
construction bidding software,2,Construction Tendering Software | Procore UK,https://www.procore.com/en-gb/tender-management/tendering,Procore's software allows organisations to solicit bids for projects while providing a central location for managing and viewing the status of all bids.
construction bidding software,3,Price A Job: Easy to Use Construction Estimating Software,https://www.priceajob.co.uk/,Construction estimating software for UK. Accurate estimate. 15 minutes. Today's prices. All the UK's construction tech in 3D. Makes your project management ...
construction bidding software,4,Construction Estimating Software | Build BoQs 70% faster!,https://www.theaccessgroup.com/en-gb/construction/software/estimating/,"End-to-end Construction estimating software for UK construction, including takeoff, tendering, quote comparisons & valuations in one powerful system."
construction bidding software,5,Construction Estimating Software | Eque2-Estimating,https://www.eque2-estimating.co.uk/,EValuate construction estimating software provides accurate and efficient estimating capabilities to hundreds of companies across the UK.
construction bidding software,6,Best Bid Estimating Software : r/estimators,https://www.reddit.com/r/estimators/comments/1bxc1qy/best_bid_estimating_software/,"Bluebeam, planswift, on screen takeoff are industry standards. Each have their own advantages and drawbacks. Depending on what trade(s) your ..."
construction bidding software,7,Bid Express® by Infotech,https://www.infotechinc.com/bidexpress/,"Accept bids online with Bid Express®, Infotech's secure, cloud-based electronic bidding solution designed for local agencies and contractors."
construction bidding software,8,ConWize: Construction Cost Estimating and Bidding Software,https://conwize.io/,ConWize is an innovative cloud-based cost estimating & bidding software with powerful features including cost analysis & predictive analytics.
best construction management software,1,33 Best Construction Project Management Software For 2025,https://thedigitalprojectmanager.com/tools/best-construction-project-management-software/,"Procore, Buildertrend, and Autodesk Construction Cloud are among the most widely used platforms by construction project managers. These tools are popular for ..."
best construction management software,2,Construction management software recommendations,https://www.reddit.com/r/ConstructionManagers/comments/1aocj9c/construction_management_software_recommendations/,"You should definitely look into Archdesk, www.archdesk.com it's by far the most powerful All-in-one construction management solution. All the ex ..."
best construction management software,3,My Take on 7 Construction Project Management Software,https://learn.g2.com/best-construction-project-management-software,3 Sept 2025 — The best construction project management platforms are Procore and Autodesk Construction Cloud. Procore stands out as an all-in-one solution ...
best construction management software,4,Best Construction Project Management Software,https://www.softwareadvice.co.uk/directory/19/project-management-software/software,Procore Construction Management Software offers a comprehensive and integrated platform designed to revolutionize the construction industry.
best construction management software,5,Construction Management Software,https://www.oracle.com/uk/construction-engineering/construction-management-software/,"Oracle's leading cloud construction management software connects your teams, processes and data to drive productivity, improve control, and unlock data-driven ..."
best construction management software,6,Construction Project Management Software | Procore UK,https://www.procore.com/en-gb/project-management,"Maximise efficiency with Procore's construction management software. Keep construction moving with fewer risks, better teamwork, and greater project ..."
best construction management software,7,10 Best Free Construction Project Management Software ...,https://www.websiteplanet.com/blog/best-free-construction-project-management-software/,7 Aug 2025 — 10 Best Free Construction Project Management Software [2025] · 1. monday.com: Forever Free Plan for General Contractors · 2. ClickUp: Free ...
best construction management software,8,Construction Project Management Software Comparison,https://www.capterra.co.uk/directory/30057/construction-management/software,"Sage Construction Suite​​ End-to-end construction management software for firms with $1M+ revenue to streamline projects, reduce risk, and boost profitability."
best construction project management software,1,33 Best Construction Project Management Software For 2025,https://thedigitalprojectmanager.com/tools/best-construction-project-management-software/,"Procore, Buildertrend, and Autodesk Construction Cloud are among the most widely used platforms by construction project managers. These tools are popular for ..."
best construction project management software,2,Construction management software recommendations,https://www.reddit.com/r/ConstructionManagers/comments/1aocj9c/construction_management_software_recommendations/,Procore is the best hands down. A cheaper alternative I've used is Cloud PM.
best construction project management software,3,Construction Project Management Software | Procore UK,https://www.procore.com/en-gb/project-management,"Maximise efficiency with Procore's construction management software. Keep construction moving with fewer risks, better teamwork, and greater project ..."
best construction project management software,4,My Take on 7 Construction Project Management Software,https://learn.g2.com/best-construction-project-management-software,"3 Sept 2025 — ""Oracle Primavera is best for Comprehensive Project Management, Scalability and Flexibility, Robust Scheduling Engine, Resource Management, Risk ..."
best construction project management software,5,Construction Management Software,https://www.oracle.com/uk/construction-engineering/construction-management-software/,"Get data-driven insights. Connect your teams, processes, and data to improve productivity and control with Oracle's cloud construction management software."
best construction project management software,6,Construction project management software,https://www.zoho.com/projects/construction-project-management.html,"Zoho Projects' construction project management software helps effectively manage contracts, track resources, and stay on top of your project's budget."
best construction project management software,7,Best Construction Project Management Software,https://www.softwareadvice.co.uk/directory/19/project-management-software/software,Procore Construction Management Software offers a comprehensive and integrated platform designed to revolutionize the construction industry.
best construction project management software,8,8 Best Construction Management Software for Small ...,https://buildern.com/resources/blog/construction-management-software-for-small-businesses/,11 Jun 2025 — What is the most popular construction project management software? · Buildern · Houzz Pro · Fieldwire · Procore · Wrike · ClickUp · Quickbase · Jonas ...
best construction project management software,9,10 Best Free Construction Project Management Software ...,https://www.websiteplanet.com/blog/best-free-construction-project-management-software/,"7 Aug 2025 — During my tests, monday.com stood out as the top choice. It offers an intuitive interface, supports two users on its free plan, and has hundreds ..."
